id30	organism	protein_id	transcript_id	cds_start	cds_end	protein_desc	transcript_desc
XP_006766510.2|XM_00676_220b3e	Myotis davidii	XP_006766510.2	XM_006766447.2:2-1660	0	1656	XP_006766510.2 ADAM7 [organism=Myotis davidii] [GeneID=102755104]	XM_006766447.2:2-1660 ADAM7 [organism=Myotis davidii] [GeneID=102755104] [region=cds]
XP_010846527.1|XM_01084_a81bb6	Bison bison bison	XP_010846527.1	XM_010848225.1:1-2325	0	2322	XP_010846527.1 ADAM7 [organism=Bison bison bison] [GeneID=104994598]	XM_010848225.1:1-2325 ADAM7 [organism=Bison bison bison] [GeneID=104994598] [region=cds]
XP_037353645.1|XM_03749_ffb84b	Talpa occidentalis	XP_037353645.1	XM_037497748.1:1-2829	0	2826	XP_037353645.1 ADAM7 [organism=Talpa occidentalis] [GeneID=119234739]	XM_037497748.1:1-2829 ADAM7 [organism=Talpa occidentalis] [GeneID=119234739] [region=cds]
XP_075805900.1|XM_07594_02c8da	Microtus pennsylvanicus	XP_075805900.1	XM_075949785.1:1-2373	0	2370	XP_075805900.1 Adam7 [organism=Microtus pennsylvanicus] [GeneID=142835937]	XM_075949785.1:1-2373 Adam7 [organism=Microtus pennsylvanicus] [GeneID=142835937] [region=cds]
XP_062069085.1|XM_06221_532a56	Lepus europaeus	XP_062069085.1	XM_062213101.1:1-2364	0	2361	XP_062069085.1 ADAM7 [organism=Lepus europaeus] [GeneID=133775008]	XM_062213101.1:1-2364 ADAM7 [organism=Lepus europaeus] [GeneID=133775008] [region=cds]
XP_005373964.1|XM_00537_659b8b	Chinchilla lanigera	XP_005373964.1	XM_005373907.1:1-2538	0	2535	XP_005373964.1 Adam7 [organism=Chinchilla lanigera] [GeneID=102017186]	XM_005373907.1:1-2538 Adam7 [organism=Chinchilla lanigera] [GeneID=102017186] [region=cds]
XP_034354791.1|XM_03449_3978e0	Arvicanthis niloticus	XP_034354791.1	XM_034498900.1:1-2367	0	2364	XP_034354791.1 Adam7 [organism=Arvicanthis niloticus] [GeneID=117706072]	XM_034498900.1:1-2367 Adam7 [organism=Arvicanthis niloticus] [GeneID=117706072] [region=cds]
XP_058579283.1|XM_05872_0a0f80	Neofelis nebulosa	XP_058579283.1	XM_058723300.1:1-2361	0	2358	XP_058579283.1 ADAM7 [organism=Neofelis nebulosa] [GeneID=131507962]	XM_058723300.1:1-2361 ADAM7 [organism=Neofelis nebulosa] [GeneID=131507962] [region=cds]
XP_005355519.1|XM_00535_057290	Microtus ochrogaster	XP_005355519.1	XM_005355462.1:1-2373	0	2370	XP_005355519.1 Adam7 [organism=Microtus ochrogaster] [GeneID=101992687]	XM_005355462.1:1-2373 Adam7 [organism=Microtus ochrogaster] [GeneID=101992687] [region=cds]
XP_023386536.1|XM_02353_1ac581	Pteropus vampyrus	XP_023386536.1	XM_023530768.1:1-2259	0	2256	XP_023386536.1 ADAM7 [organism=Pteropus vampyrus] [GeneID=105292216]	XM_023530768.1:1-2259 ADAM7 [organism=Pteropus vampyrus] [GeneID=105292216] [region=cds]
XP_045735500.1|XM_04587_8dce60	Mirounga angustirostris	XP_045735500.1	XM_045879544.1:1-2544	0	2541	XP_045735500.1 ADAM7 [organism=Mirounga angustirostris] [GeneID=123847776]	XM_045879544.1:1-2544 ADAM7 [organism=Mirounga angustirostris] [GeneID=123847776] [region=cds]
XP_055465895.1|XM_05560_a19fba	Psammomys obesus	XP_055465895.1	XM_055609920.1:1-2373	0	2370	XP_055465895.1 Adam7 [organism=Psammomys obesus] [GeneID=129678966]	XM_055609920.1:1-2373 Adam7 [organism=Psammomys obesus] [GeneID=129678966] [region=cds]
XP_036138071.1|XM_03628_983a89	Molossus molossus	XP_036138071.1	XM_036282178.1:1-2370	0	2367	XP_036138071.1 ADAM7 [organism=Molossus molossus] [GeneID=118643803]	XM_036282178.1:1-2370 ADAM7 [organism=Molossus molossus] [GeneID=118643803] [region=cds]
XP_057158974.1|XM_05730_f82e0e	Pan paniscus	XP_057158974.1	XM_057302991.1:84-2348	0	2262	XP_057158974.1 ADAM7 [organism=Pan paniscus] [GeneID=100994670]	XM_057302991.1:84-2348 ADAM7 [organism=Pan paniscus] [GeneID=100994670] [region=cds]
XP_042099059.1|XM_04224_238726	Ovis aries	XP_042099059.1	XM_042243125.2:133-2547	0	2412	XP_042099059.1 ADAM7 [organism=Ovis aries] [GeneID=101119797] [isoform=X1]	XM_042243125.2:133-2547 ADAM7 [organism=Ovis aries] [GeneID=101119797] [transcript=X1] [region=cds]
XP_011824243.1|XM_01196_cdd9bc	Mandrillus leucophaeus	XP_011824243.1	XM_011968853.1:180-2513	0	2331	XP_011824243.1 ADAM7 [organism=Mandrillus leucophaeus] [GeneID=105531056]	XM_011968853.1:180-2513 ADAM7 [organism=Mandrillus leucophaeus] [GeneID=105531056] [region=cds]
XP_074194820.1|XM_07433_add009	Rhinolophus sinicus	XP_074194820.1	XM_074338719.1:13-2448	0	2433	XP_074194820.1 ADAM7 [organism=Rhinolophus sinicus] [GeneID=109435938]	XM_074338719.1:13-2448 ADAM7 [organism=Rhinolophus sinicus] [GeneID=109435938] [region=cds]
XP_016003647.2|XM_01614_69c4d3	Rousettus aegyptiacus	XP_016003647.2	XM_016148161.2:1-3030	0	3027	XP_016003647.2 ADAM7 [organism=Rousettus aegyptiacus] [GeneID=107512523]	XM_016148161.2:1-3030 ADAM7 [organism=Rousettus aegyptiacus] [GeneID=107512523] [region=cds]
XP_021554435.1|XM_02169_d10058	Neomonachus schauinslandi	XP_021554435.1	XM_021698760.1:1-2373	0	2370	XP_021554435.1 ADAM7 [organism=Neomonachus schauinslandi] [GeneID=110588439]	XM_021698760.1:1-2373 ADAM7 [organism=Neomonachus schauinslandi] [GeneID=110588439] [region=cds]
XP_048186719.1|XM_04833_883a3f	Perognathus longimembris pacificus	XP_048186719.1	XM_048330762.1:1-2346	0	2343	XP_048186719.1 Adam7 [organism=Perognathus longimembris pacificus] [GeneID=125339563]	XM_048330762.1:1-2346 Adam7 [organism=Perognathus longimembris pacificus] [GeneID=125339563] [region=cds]
NP_064697.2|NM_020301.2_8e7204	Rattus norvegicus	NP_064697.2	NM_020301.2:47-2416	0	2367	NP_064697.2 Adam7 [organism=Rattus norvegicus] [GeneID=29641]	NM_020301.2:47-2416 Adam7 [organism=Rattus norvegicus] [GeneID=29641] [region=cds]
XP_014593320.3|XM_01473_e06f88	Equus caballus	XP_014593320.3	XM_014737834.3:172-2613	0	2439	XP_014593320.3 ADAM7 [organism=Equus caballus] [GeneID=100058838] [isoform=X1]	XM_014737834.3:172-2613 ADAM7 [organism=Equus caballus] [GeneID=100058838] [transcript=X1] [region=cds]
XP_044987482.1|XM_04513_543506	Jaculus jaculus	XP_044987482.1	XM_045131547.1:62-2428	0	2364	XP_044987482.1 Adam7 [organism=Jaculus jaculus] [GeneID=101603528] [isoform=X1]	XM_045131547.1:62-2428 Adam7 [organism=Jaculus jaculus] [GeneID=101603528] [transcript=X1] [region=cds]
XP_005684268.2|XM_00568_a0c3e1	Capra hircus	XP_005684268.2	XM_005684211.2:1-2400	0	2397	XP_005684268.2 ADAM7 [organism=Capra hircus] [GeneID=102182226]	XM_005684211.2:1-2400 ADAM7 [organism=Capra hircus] [GeneID=102182226] [region=cds]
XP_075413322.1|XM_07555_ffdf2d	Tenrec ecaudatus	XP_075413322.1	XM_075557207.1:1-2304	0	2301	XP_075413322.1 ADAM7 [organism=Tenrec ecaudatus] [GeneID=142455462]	XM_075557207.1:1-2304 ADAM7 [organism=Tenrec ecaudatus] [GeneID=142455462] [region=cds]
XP_032773988.1|XM_03291_6166d8	Rattus rattus	XP_032773988.1	XM_032918097.1:46-2415	0	2367	XP_032773988.1 Adam7 [organism=Rattus rattus] [GeneID=116913788]	XM_032918097.1:46-2415 Adam7 [organism=Rattus rattus] [GeneID=116913788] [region=cds]
XP_050656249.1|XM_05080_8bb423	Macaca thibetana thibetana	XP_050656249.1	XM_050800292.1:114-2378	0	2262	XP_050656249.1 ADAM7 [organism=Macaca thibetana thibetana] [GeneID=126960616]	XM_050800292.1:114-2378 ADAM7 [organism=Macaca thibetana thibetana] [GeneID=126960616] [region=cds]
XP_008054863.1|XM_00805_37d1b6	Carlito syrichta	XP_008054863.1	XM_008056672.1:102-2438	0	2337	XP_008054863.1 ADAM7 [organism=Carlito syrichta] [GeneID=103259009]	XM_008056672.1:102-2438 ADAM7 [organism=Carlito syrichta] [GeneID=103259009] [region=cds]
XP_019322604.2|XM_01946_8c06d6	Panthera pardus	XP_019322604.2	XM_019467059.2:1-2361	0	2358	XP_019322604.2 ADAM7 [organism=Panthera pardus] [GeneID=109277386]	XM_019467059.2:1-2361 ADAM7 [organism=Panthera pardus] [GeneID=109277386] [region=cds]
XP_059782266.1|XM_05992_8e5670	Balaenoptera ricei	XP_059782266.1	XM_059926283.1:1-2691	0	2688	XP_059782266.1 ADAM7 [organism=Balaenoptera ricei] [GeneID=132367696]	XM_059926283.1:1-2691 ADAM7 [organism=Balaenoptera ricei] [GeneID=132367696] [region=cds]
XP_068410134.1|XM_06855_ef5721	Eschrichtius robustus	XP_068410134.1	XM_068554033.1:1-2559	0	2556	XP_068410134.1 ADAM7 [organism=Eschrichtius robustus] [GeneID=137771011]	XM_068554033.1:1-2559 ADAM7 [organism=Eschrichtius robustus] [GeneID=137771011] [region=cds]
XP_040481708.1|XM_04062_a4f636	Ursus maritimus	XP_040481708.1	XM_040625774.1:1-2685	0	2682	XP_040481708.1 ADAM7 [organism=Ursus maritimus] [GeneID=103673334]	XM_040625774.1:1-2685 ADAM7 [organism=Ursus maritimus] [GeneID=103673334] [region=cds]
XP_038166498.1|XM_03831_ec3241	Arvicola amphibius	XP_038166498.1	XM_038310570.1:1-2373	0	2370	XP_038166498.1 Adam7 [organism=Arvicola amphibius] [GeneID=119800409]	XM_038310570.1:1-2373 Adam7 [organism=Arvicola amphibius] [GeneID=119800409] [region=cds]
XP_043837228.1|XM_04398_c26243	Dromiciops gliroides	XP_043837228.1	XM_043981293.1:1-2481	0	2478	XP_043837228.1 ADAM7 [organism=Dromiciops gliroides] [GeneID=122739631]	XM_043981293.1:1-2481 ADAM7 [organism=Dromiciops gliroides] [GeneID=122739631] [region=cds]
XP_065803608.1|XM_06594_2db69f	Muntiacus reevesi	XP_065803608.1	XM_065947536.1:1-2718	0	2715	XP_065803608.1 ADAM7 [organism=Muntiacus reevesi] [GeneID=136176878]	XM_065947536.1:1-2718 ADAM7 [organism=Muntiacus reevesi] [GeneID=136176878] [region=cds]
XP_002818958.2|XM_00281_81d586	Pongo abelii	XP_002818958.2	XM_002818912.4:1-2262	0	2259	XP_002818958.2 ADAM7 [organism=Pongo abelii] [GeneID=100437768]	XM_002818912.4:1-2262 ADAM7 [organism=Pongo abelii] [GeneID=100437768] [region=cds]
XP_021797837.1|XM_02194_731f38	Papio anubis	XP_021797837.1	XM_021942145.2:366-2609	0	2241	XP_021797837.1 ADAM7 [organism=Papio anubis] [GeneID=101012381]	XM_021942145.2:366-2609 ADAM7 [organism=Papio anubis] [GeneID=101012381] [region=cds]
XP_051051737.1|XM_05119_f08ad1	Phodopus roborovskii	XP_051051737.1	XM_051195780.1:1-2373	0	2370	XP_051051737.1 Adam7 [organism=Phodopus roborovskii] [GeneID=127230493]	XM_051195780.1:1-2373 Adam7 [organism=Phodopus roborovskii] [GeneID=127230493] [region=cds]
XP_060511755.1|XM_06065_67afd0	Panthera onca	XP_060511755.1	XM_060655772.1:1-2361	0	2358	XP_060511755.1 ADAM7 [organism=Panthera onca] [GeneID=132692922]	XM_060655772.1:1-2361 ADAM7 [organism=Panthera onca] [GeneID=132692922] [region=cds]
XP_007192854.2|XM_00719_eacbb8	Balaenoptera acutorostrata	XP_007192854.2	XM_007192792.2:1-2211	0	2208	XP_007192854.2 ADAM7 [organism=Balaenoptera acutorostrata] [GeneID=103009761]	XM_007192792.2:1-2211 ADAM7 [organism=Balaenoptera acutorostrata] [GeneID=103009761] [region=cds]
XP_040346342.1|XM_04049_a985bd	Herpailurus yagouaroundi	XP_040346342.1	XM_040490408.1:1-2406	0	2403	XP_040346342.1 ADAM7 [organism=Herpailurus yagouaroundi] [GeneID=121039985]	XM_040490408.1:1-2406 ADAM7 [organism=Herpailurus yagouaroundi] [GeneID=121039985] [region=cds]
XP_063090617.1|XM_06323_bce944	Cavia porcellus	XP_063090617.1	XM_063234547.1:1-2424	0	2421	XP_063090617.1 Adam7 [organism=Cavia porcellus] [GeneID=100731902]	XM_063234547.1:1-2424 Adam7 [organism=Cavia porcellus] [GeneID=100731902] [region=cds]
XP_004459576.3|XM_00445_83ba08	Dasypus novemcinctus	XP_004459576.3	XM_004459519.3:1-2247	0	2244	XP_004459576.3 ADAM7 [organism=Dasypus novemcinctus] [GeneID=101439419]	XM_004459519.3:1-2247 ADAM7 [organism=Dasypus novemcinctus] [GeneID=101439419] [region=cds]
XP_046303705.1|XM_04644_f36ac7	Marmota monax	XP_046303705.1	XM_046447749.1:1-2448	0	2445	XP_046303705.1 Adam7 [organism=Marmota monax] [GeneID=124094784]	XM_046447749.1:1-2448 Adam7 [organism=Marmota monax] [GeneID=124094784] [region=cds]
XP_031999538.1|XM_03214_2d0fb7	Hylobates moloch	XP_031999538.1	XM_032143647.2:84-2342	0	2256	XP_031999538.1 ADAM7 [organism=Hylobates moloch] [GeneID=116461755]	XM_032143647.2:84-2342 ADAM7 [organism=Hylobates moloch] [GeneID=116461755] [region=cds]
XP_043783822.1|XM_04392_b2cc54	Cervus elaphus	XP_043783822.1	XM_043927887.1:1-2313	0	2310	XP_043783822.1 ADAM7 [organism=Cervus elaphus] [GeneID=122710229]	XM_043927887.1:1-2313 ADAM7 [organism=Cervus elaphus] [GeneID=122710229] [region=cds]
XP_074140785.1|XM_07428_6775a5	Sminthopsis crassicaudata	XP_074140785.1	XM_074284684.1:1-2538	0	2535	XP_074140785.1 ADAM7 [organism=Sminthopsis crassicaudata] [GeneID=141552572]	XM_074284684.1:1-2538 ADAM7 [organism=Sminthopsis crassicaudata] [GeneID=141552572] [region=cds]
XP_010623469.1|XM_01062_1f1eab	Fukomys damarensis	XP_010623469.1	XM_010625167.1:1-2499	0	2496	XP_010623469.1 Adam7 [organism=Fukomys damarensis] [GeneID=104862934]	XM_010625167.1:1-2499 Adam7 [organism=Fukomys damarensis] [GeneID=104862934] [region=cds]
XP_070362633.1|XM_07050_e2b83e	Equus asinus	XP_070362633.1	XM_070506532.1:1-2505	0	2502	XP_070362633.1 ADAM7 [organism=Equus asinus] [GeneID=106843669]	XM_070506532.1:1-2505 ADAM7 [organism=Equus asinus] [GeneID=106843669] [region=cds]
XP_059129389.1|XM_05927_a824ac	Peromyscus eremicus	XP_059129389.1	XM_059273406.1:154-2526	0	2370	XP_059129389.1 Adam7 [organism=Peromyscus eremicus] [GeneID=131919272] [isoform=X1]	XM_059273406.1:154-2526 Adam7 [organism=Peromyscus eremicus] [GeneID=131919272] [transcript=X1] [region=cds]
XP_069872776.1|XM_07001_805d46	Dipodomys merriami	XP_069872776.1	XM_070016675.1:112-2535	0	2421	XP_069872776.1 Adam7 [organism=Dipodomys merriami] [GeneID=138823376] [isoform=X1]	XM_070016675.1:112-2535 Adam7 [organism=Dipodomys merriami] [GeneID=138823376] [transcript=X1] [region=cds]
XP_055000198.1|XM_05514_b5666f	Sorex araneus	XP_055000198.1	XM_055144223.1:1-2889	0	2886	XP_055000198.1 ADAM7 [organism=Sorex araneus] [GeneID=101547531]	XM_055144223.1:1-2889 ADAM7 [organism=Sorex araneus] [GeneID=101547531] [region=cds]
XP_006140742.1|XM_00614_c7f303	Tupaia chinensis	XP_006140742.1	XM_006140680.2:160-2589	0	2427	XP_006140742.1 ADAM7 [organism=Tupaia chinensis] [GeneID=102472029]	XM_006140680.2:160-2589 ADAM7 [organism=Tupaia chinensis] [GeneID=102472029] [region=cds]
XP_027970080.1|XM_02811_72dfd2	Eumetopias jubatus	XP_027970080.1	XM_028114279.1:1-2655	0	2652	XP_027970080.1 ADAM7 [organism=Eumetopias jubatus] [GeneID=114217435]	XM_028114279.1:1-2655 ADAM7 [organism=Eumetopias jubatus] [GeneID=114217435] [region=cds]
XP_045391243.1|XM_04553_5be4b5	Lemur catta	XP_045391243.1	XM_045535287.1:159-2606	0	2445	XP_045391243.1 ADAM7 [organism=Lemur catta] [GeneID=123626370] [isoform=X1]	XM_045535287.1:159-2606 ADAM7 [organism=Lemur catta] [GeneID=123626370] [transcript=X1] [region=cds]
XP_016069672.1|XM_01621_b90d28	Miniopterus natalensis	XP_016069672.1	XM_016214186.1:1-2310	0	2307	XP_016069672.1 ADAM7 [organism=Miniopterus natalensis] [GeneID=107538046]	XM_016214186.1:1-2310 ADAM7 [organism=Miniopterus natalensis] [GeneID=107538046] [region=cds]
XP_024416432.3|XM_02456_417d71	Desmodus rotundus	XP_024416432.3	XM_024560664.3:1-2382	0	2379	XP_024416432.3 ADAM7 [organism=Desmodus rotundus] [GeneID=112304999]	XM_024560664.3:1-2382 ADAM7 [organism=Desmodus rotundus] [GeneID=112304999] [region=cds]
XP_026253281.1|XM_02639_5337c7	Urocitellus parryii	XP_026253281.1	XM_026397496.1:1-2793	0	2790	XP_026253281.1 Adam7 [organism=Urocitellus parryii] [GeneID=113188930]	XM_026397496.1:1-2793 Adam7 [organism=Urocitellus parryii] [GeneID=113188930] [region=cds]
XP_044912651.1|XM_04505_4028aa	Felis catus	XP_044912651.1	XM_045056716.1:252-2663	0	2409	XP_044912651.1 ADAM7 [organism=Felis catus] [GeneID=101082307]	XM_045056716.1:252-2663 ADAM7 [organism=Felis catus] [GeneID=101082307] [region=cds]
XP_027405743.1|XM_02754_fe53ca	Bos indicus x Bos taurus	XP_027405743.1	XM_027549942.1:54-2459	0	2403	XP_027405743.1 ADAM7 [organism=Bos indicus x Bos taurus] [GeneID=113897314]	XM_027549942.1:54-2459 ADAM7 [organism=Bos indicus x Bos taurus] [GeneID=113897314] [region=cds]
XP_055435714.1|XM_05557_83d0ba	Bubalus kerabau	XP_055435714.1	XM_055579739.1:1-2472	0	2469	XP_055435714.1 ADAM7 [organism=Bubalus kerabau] [GeneID=129650992]	XM_055579739.1:1-2472 ADAM7 [organism=Bubalus kerabau] [GeneID=129650992] [region=cds]
XP_061055235.1|XM_06119_5bfe21	Eubalaena glacialis	XP_061055235.1	XM_061199252.1:1-2376	0	2373	XP_061055235.1 ADAM7 [organism=Eubalaena glacialis] [GeneID=133097397]	XM_061199252.1:1-2376 ADAM7 [organism=Eubalaena glacialis] [GeneID=133097397] [region=cds]
XP_052501189.1|XM_05264_2abf1b	Budorcas taxicolor	XP_052501189.1	XM_052645229.1:1-2439	0	2436	XP_052501189.1 ADAM7 [organism=Budorcas taxicolor] [GeneID=128052654]	XM_052645229.1:1-2439 ADAM7 [organism=Budorcas taxicolor] [GeneID=128052654] [region=cds]
XP_069429798.1|XM_06957_2ec86e	Ovis canadensis	XP_069429798.1	XM_069573697.1:1-2637	0	2634	XP_069429798.1 ADAM7 [organism=Ovis canadensis] [GeneID=138432331]	XM_069573697.1:1-2637 ADAM7 [organism=Ovis canadensis] [GeneID=138432331] [region=cds]
XP_020930033.1|XM_02107_62c501	Sus scrofa	XP_020930033.1	XM_021074374.1:286-2349	0	2061	XP_020930033.1 ADAM7 [organism=Sus scrofa] [GeneID=100157954]	XM_021074374.1:286-2349 ADAM7 [organism=Sus scrofa] [GeneID=100157954] [region=cds]
XP_070231028.1|XM_07037_ff8181	Bos mutus	XP_070231028.1	XM_070374927.1:1-2586	0	2583	XP_070231028.1 ADAM7 [organism=Bos mutus] [GeneID=102277126]	XM_070374927.1:1-2586 ADAM7 [organism=Bos mutus] [GeneID=102277126] [region=cds]
XP_045020656.1|XM_04516_03921c	Bubalus bubalis	XP_045020656.1	XM_045164721.1:1-2871	0	2868	XP_045020656.1 ADAM7 [organism=Bubalus bubalis] [GeneID=102393335]	XM_045164721.1:1-2871 ADAM7 [organism=Bubalus bubalis] [GeneID=102393335] [region=cds]
XP_036169961.1|XM_03631_0853bc	Myotis myotis	XP_036169961.1	XM_036314068.1:1-2538	0	2535	XP_036169961.1 ADAM7 [organism=Myotis myotis] [GeneID=118658569]	XM_036314068.1:1-2538 ADAM7 [organism=Myotis myotis] [GeneID=118658569] [region=cds]
XP_519664.5|XM_519664.8_fd5cde	Pan troglodytes	XP_519664.5	XM_519664.8:84-2348	0	2262	XP_519664.5 ADAM7 [organism=Pan troglodytes] [GeneID=464062]	XM_519664.8:84-2348 ADAM7 [organism=Pan troglodytes] [GeneID=464062] [region=cds]
XP_016046204.2|XM_01619_e2e3dd	Erinaceus europaeus	XP_016046204.2	XM_016190718.2:1-2457	0	2454	XP_016046204.2 ADAM7 [organism=Erinaceus europaeus] [GeneID=103118687]	XM_016190718.2:1-2457 ADAM7 [organism=Erinaceus europaeus] [GeneID=103118687] [region=cds]
XP_032144443.1|XM_03228_f8c7f9	Sapajus apella	XP_032144443.1	XM_032288552.1:158-2422	0	2262	XP_032144443.1 ADAM7 [organism=Sapajus apella] [GeneID=116558503]	XM_032288552.1:158-2422 ADAM7 [organism=Sapajus apella] [GeneID=116558503] [region=cds]
XP_030168222.1|XM_03031_f11a0d	Lynx canadensis	XP_030168222.1	XM_030312362.1:57-2438	0	2379	XP_030168222.1 ADAM7 [organism=Lynx canadensis] [GeneID=115511894]	XM_030312362.1:57-2438 ADAM7 [organism=Lynx canadensis] [GeneID=115511894] [region=cds]
XP_069340892.1|XM_06948_e04fe6	Eulemur rufifrons	XP_069340892.1	XM_069484791.1:1-4482	0	4479	XP_069340892.1 ADAM7 [organism=Eulemur rufifrons] [GeneID=138393577]	XM_069484791.1:1-4482 ADAM7 [organism=Eulemur rufifrons] [GeneID=138393577] [region=cds]
XP_061281849.1|XM_06142_c364ae	Bos javanicus	XP_061281849.1	XM_061425865.1:119-2527	0	2406	XP_061281849.1 ADAM7 [organism=Bos javanicus] [GeneID=133252881] [isoform=X1]	XM_061425865.1:119-2527 ADAM7 [organism=Bos javanicus] [GeneID=133252881] [transcript=X1] [region=cds]
XP_008977350.3|XM_00897_ad5c31	Callithrix jacchus	XP_008977350.3	XM_008979102.3:221-2509	0	2286	XP_008977350.3 ADAM7 [organism=Callithrix jacchus] [GeneID=100410866] [isoform=X3]	XM_008979102.3:221-2509 ADAM7 [organism=Callithrix jacchus] [GeneID=100410866] [transcript=X3] [region=cds]
XP_023614870.1|XM_02375_512fb1	Myotis lucifugus	XP_023614870.1	XM_023759102.1:1-2370	0	2367	XP_023614870.1 ADAM7 [organism=Myotis lucifugus] [GeneID=102436685]	XM_023759102.1:1-2370 ADAM7 [organism=Myotis lucifugus] [GeneID=102436685] [region=cds]
XP_006194073.1|XM_00619_2df0a3	Camelus ferus	XP_006194073.1	XM_006194011.1:1-2343	0	2340	XP_006194073.1 ADAM7 [organism=Camelus ferus] [GeneID=102518991]	XM_006194011.1:1-2343 ADAM7 [organism=Camelus ferus] [GeneID=102518991] [region=cds]
XP_042838574.1|XM_04298_a6c84e	Panthera tigris	XP_042838574.1	XM_042982640.1:1-2316	0	2313	XP_042838574.1 ADAM7 [organism=Panthera tigris] [GeneID=102952115]	XM_042982640.1:1-2316 ADAM7 [organism=Panthera tigris] [GeneID=102952115] [region=cds]
XP_068829727.1|XM_06897_27a29a	Capricornis sumatraensis	XP_068829727.1	XM_068973626.1:1-2400	0	2397	XP_068829727.1 ADAM7 [organism=Capricornis sumatraensis] [GeneID=138080767]	XM_068973626.1:1-2400 ADAM7 [organism=Capricornis sumatraensis] [GeneID=138080767] [region=cds]
NP_001306281.2|NM_00131_de294c	Macaca fascicularis	NP_001306281.2	NM_001319352.2:84-2414	0	2328	NP_001306281.2 ADAM7 [organism=Macaca fascicularis] [GeneID=102144713] [isoform=1 precursor]	NM_001319352.2:84-2414 ADAM7 [organism=Macaca fascicularis] [GeneID=102144713] [transcript=1] [region=cds]
XP_004382216.1|XM_00438_eeac79	Trichechus manatus latirostris	XP_004382216.1	XM_004382159.1:1-2310	0	2307	XP_004382216.1 ADAM7 [organism=Trichechus manatus latirostris] [GeneID=101349463]	XM_004382159.1:1-2310 ADAM7 [organism=Trichechus manatus latirostris] [GeneID=101349463] [region=cds]
XP_027695766.1|XM_02783_9b1933	Vombatus ursinus	XP_027695766.1	XM_027839965.1:1-2349	0	2346	XP_027695766.1 ADAM7 [organism=Vombatus ursinus] [GeneID=114026294]	XM_027839965.1:1-2349 ADAM7 [organism=Vombatus ursinus] [GeneID=114026294] [region=cds]
XP_048278099.1|XM_04842_6784e3	Myodes glareolus	XP_048278099.1	XM_048422142.1:15-2387	0	2370	XP_048278099.1 Adam7 [organism=Myodes glareolus] [GeneID=125392361]	XM_048422142.1:15-2387 Adam7 [organism=Myodes glareolus] [GeneID=125392361] [region=cds]
XP_004413609.2|XM_00441_ac1218	Odobenus rosmarus divergens	XP_004413609.2	XM_004413552.2:1-2271	0	2271	XP_004413609.2 ADAM7 [organism=Odobenus rosmarus divergens] [GeneID=101376479]	XM_004413552.2:1-2271 ADAM7 [organism=Odobenus rosmarus divergens] [GeneID=101376479] [region=cds]
XP_058526019.1|XM_05867_df92a9	Ochotona princeps	XP_058526019.1	XM_058670036.1:150-2522	0	2370	XP_058526019.1 ADAM7 [organism=Ochotona princeps] [GeneID=101532353]	XM_058670036.1:150-2522 ADAM7 [organism=Ochotona princeps] [GeneID=101532353] [region=cds]
XP_033084791.1|XM_03322_bc3041	Trachypithecus francoisi	XP_033084791.1	XM_033228900.1:114-2378	0	2262	XP_033084791.1 ADAM7 [organism=Trachypithecus francoisi] [GeneID=117093596]	XM_033228900.1:114-2378 ADAM7 [organism=Trachypithecus francoisi] [GeneID=117093596] [region=cds]
XP_043309592.1|XM_04345_f774ff	Cervus canadensis	XP_043309592.1	XM_043453657.1:1-2313	0	2310	XP_043309592.1 ADAM7 [organism=Cervus canadensis] [GeneID=122431977]	XM_043453657.1:1-2313 ADAM7 [organism=Cervus canadensis] [GeneID=122431977] [region=cds]
XP_006729754.1|XM_00672_eb1370	Leptonychotes weddellii	XP_006729754.1	XM_006729691.1:1-2496	0	2493	XP_006729754.1 ADAM7 [organism=Leptonychotes weddellii] [GeneID=102741443]	XM_006729691.1:1-2496 ADAM7 [organism=Leptonychotes weddellii] [GeneID=102741443] [region=cds]
XP_038603276.1|XM_03874_ba457f	Tachyglossus aculeatus	XP_038603276.1	XM_038747348.1:1-2112	0	2109	XP_038603276.1 ADAM7 [organism=Tachyglossus aculeatus] [GeneID=119928832]	XM_038747348.1:1-2112 ADAM7 [organism=Tachyglossus aculeatus] [GeneID=119928832] [region=cds]
XP_046948279.1|XM_04709_6d6729	Lynx rufus	XP_046948279.1	XM_047092323.1:1-2451	0	2448	XP_046948279.1 ADAM7 [organism=Lynx rufus] [GeneID=124521215]	XM_047092323.1:1-2451 ADAM7 [organism=Lynx rufus] [GeneID=124521215] [region=cds]
XP_036711495.1|XM_03685_4cd2d8	Balaenoptera musculus	XP_036711495.1	XM_036855600.1:1-2559	0	2556	XP_036711495.1 ADAM7 [organism=Balaenoptera musculus] [GeneID=118896952]	XM_036855600.1:1-2559 ADAM7 [organism=Balaenoptera musculus] [GeneID=118896952] [region=cds]
XP_006986421.3|XM_00698_6fc5e7	Peromyscus maniculatus bairdii	XP_006986421.3	XM_006986359.4:169-2541	0	2370	XP_006986421.3 Adam7 [organism=Peromyscus maniculatus bairdii] [GeneID=102928153] [isoform=X1]	XM_006986359.4:169-2541 Adam7 [organism=Peromyscus maniculatus bairdii] [GeneID=102928153] [transcript=X1] [region=cds]
XP_071465422.1|XM_07160_e12b48	Marmota flaviventris	XP_071465422.1	XM_071609321.1:1-2706	0	2703	XP_071465422.1 Adam7 [organism=Marmota flaviventris] [GeneID=114085862]	XM_071609321.1:1-2706 Adam7 [organism=Marmota flaviventris] [GeneID=114085862] [region=cds]
XP_058406490.1|XM_05855_0d90d7	Diceros bicornis minor	XP_058406490.1	XM_058550507.1:1-2316	0	2313	XP_058406490.1 ADAM7 [organism=Diceros bicornis minor] [GeneID=131411538]	XM_058550507.1:1-2316 ADAM7 [organism=Diceros bicornis minor] [GeneID=131411538] [region=cds]
XP_072490533.1|XM_07263_a6dde8	Notamacropus eugenii	XP_072490533.1	XM_072634432.1:1-2652	0	2649	XP_072490533.1 ADAM7 [organism=Notamacropus eugenii] [GeneID=140520488]	XM_072634432.1:1-2652 ADAM7 [organism=Notamacropus eugenii] [GeneID=140520488] [region=cds]
XP_051688090.2|XM_05183_4145de	Oryctolagus cuniculus	XP_051688090.2	XM_051832130.2:116-2488	0	2370	XP_051688090.2 ADAM7 [organism=Oryctolagus cuniculus] [GeneID=100344386]	XM_051832130.2:116-2488 ADAM7 [organism=Oryctolagus cuniculus] [GeneID=100344386] [region=cds]
XP_072808746.1|XM_07295_77f3ec	Vicugna pacos	XP_072808746.1	XM_072952645.1:138-2447	0	2307	XP_072808746.1 ADAM7 [organism=Vicugna pacos] [GeneID=102538664] [isoform=X1]	XM_072952645.1:138-2447 ADAM7 [organism=Vicugna pacos] [GeneID=102538664] [transcript=X1] [region=cds]
XP_007936974.1|XM_00793_45a754	Orycteropus afer afer	XP_007936974.1	XM_007938783.1:1-2340	0	2337	XP_007936974.1 ADAM7 [organism=Orycteropus afer afer] [GeneID=103195257]	XM_007938783.1:1-2340 ADAM7 [organism=Orycteropus afer afer] [GeneID=103195257] [region=cds]
XP_070315230.1|XM_07045_d7ad04	Odocoileus virginianus	XP_070315230.1	XM_070459129.1:57-2450	0	2391	XP_070315230.1 ADAM7 [organism=Odocoileus virginianus] [GeneID=110141929]	XM_070459129.1:57-2450 ADAM7 [organism=Odocoileus virginianus] [GeneID=110141929] [region=cds]
XP_059024821.1|XM_05916_1c4d01	Mustela lutreola	XP_059024821.1	XM_059168838.1:1-2520	0	2517	XP_059024821.1 ADAM7 [organism=Mustela lutreola] [GeneID=131827788]	XM_059168838.1:1-2520 ADAM7 [organism=Mustela lutreola] [GeneID=131827788] [region=cds]
XP_007960140.3|XM_00796_1735b8	Chlorocebus sabaeus	XP_007960140.3	XM_007961949.3:1-2382	0	2379	XP_007960140.3 ADAM7 [organism=Chlorocebus sabaeus] [GeneID=103215498]	XM_007961949.3:1-2382 ADAM7 [organism=Chlorocebus sabaeus] [GeneID=103215498] [region=cds]
XP_036884557.1|XM_03702_73e407	Sturnira hondurensis	XP_036884557.1	XM_037028662.1:1-2392	0	2391	XP_036884557.1 ADAM7 [organism=Sturnira hondurensis] [GeneID=118975032]	XM_037028662.1:1-2392 ADAM7 [organism=Sturnira hondurensis] [GeneID=118975032] [region=cds]
XP_052590201.1|XM_05273_0edaec	Peromyscus californicus insignis	XP_052590201.1	XM_052734241.1:1-2373	0	2370	XP_052590201.1 Adam7 [organism=Peromyscus californicus insignis] [GeneID=128107901]	XM_052734241.1:1-2373 Adam7 [organism=Peromyscus californicus insignis] [GeneID=128107901] [region=cds]
XP_055151696.1|XM_05529_0c62aa	Symphalangus syndactylus	XP_055151696.1	XM_055295721.2:84-2342	0	2256	XP_055151696.1 ADAM7 [organism=Symphalangus syndactylus] [GeneID=129491414]	XM_055295721.2:84-2342 ADAM7 [organism=Symphalangus syndactylus] [GeneID=129491414] [region=cds]
XP_012518375.1|XM_01266_226f46	Propithecus coquereli	XP_012518375.1	XM_012662921.1:1-2142	0	2139	XP_012518375.1 ADAM7 [organism=Propithecus coquereli] [GeneID=105825218]	XM_012662921.1:1-2142 ADAM7 [organism=Propithecus coquereli] [GeneID=105825218] [region=cds]
XP_019515093.1|XM_01965_17bd16	Hipposideros armiger	XP_019515093.1	XM_019659548.1:1-2301	0	2298	XP_019515093.1 ADAM7 [organism=Hipposideros armiger] [GeneID=109391732]	XM_019659548.1:1-2301 ADAM7 [organism=Hipposideros armiger] [GeneID=109391732] [region=cds]
XP_022265648.2|XM_02240_2c121c	Canis lupus familiaris	XP_022265648.2	XM_022409940.2:190-2571	0	2379	XP_022265648.2 ADAM7 [organism=Canis lupus familiaris] [GeneID=477379] [isoform=X3]	XM_022409940.2:190-2571 ADAM7 [organism=Canis lupus familiaris] [GeneID=477379] [region=cds]
XP_004848535.1|XM_00484_4bd42b	Heterocephalus glaber	XP_004848535.1	XM_004848478.1:1-2682	0	2679	XP_004848535.1 Adam7 [organism=Heterocephalus glaber] [GeneID=101703241]	XM_004848478.1:1-2682 Adam7 [organism=Heterocephalus glaber] [GeneID=101703241] [region=cds]
XP_023072632.2|XM_02321_a0c421	Piliocolobus tephrosceles	XP_023072632.2	XM_023216864.2:180-2444	0	2262	XP_023072632.2 ADAM7 [organism=Piliocolobus tephrosceles] [GeneID=111545772]	XM_023216864.2:180-2444 ADAM7 [organism=Piliocolobus tephrosceles] [GeneID=111545772] [region=cds]
XP_024852023.1|XM_02499_fc6cb8	Bos taurus	XP_024852023.1	XM_024996255.2:125-2533	0	2406	XP_024852023.1 ADAM7 [organism=Bos taurus] [GeneID=529215] [isoform=X1]	XM_024996255.2:125-2533 ADAM7 [organism=Bos taurus] [GeneID=529215] [transcript=X1] [region=cds]
XP_049977825.1|XM_05012_abeffc	Alexandromys fortis	XP_049977825.1	XM_050121868.1:1-2373	0	2370	XP_049977825.1 Adam7 [organism=Alexandromys fortis] [GeneID=126488404]	XM_050121868.1:1-2373 Adam7 [organism=Alexandromys fortis] [GeneID=126488404] [region=cds]
XP_054354867.2|XM_05449_90d497	Pongo pygmaeus	XP_054354867.2	XM_054498892.2:1-2328	0	2325	XP_054354867.2 ADAM7 [organism=Pongo pygmaeus] [GeneID=129042656] [isoform=X1]	XM_054498892.2:1-2328 ADAM7 [organism=Pongo pygmaeus] [GeneID=129042656] [transcript=X1] [region=cds]
XP_074076364.1|XM_07422_36792a	Macrotis lagotis	XP_074076364.1	XM_074220263.1:1-2358	0	2355	XP_074076364.1 ADAM7 [organism=Macrotis lagotis] [GeneID=141510110]	XM_074220263.1:1-2358 ADAM7 [organism=Macrotis lagotis] [GeneID=141510110] [region=cds]
XP_017739963.1|XM_01788_1a73f9	Rhinopithecus bieti	XP_017739963.1	XM_017884474.1:1-2331	0	2328	XP_017739963.1 ADAM7 [organism=Rhinopithecus bieti] [GeneID=108537256] [isoform=X1]	XM_017884474.1:1-2331 ADAM7 [organism=Rhinopithecus bieti] [GeneID=108537256] [transcript=X1] [region=cds]
XP_060247731.1|XM_06039_1020e0	Meriones unguiculatus	XP_060247731.1	XM_060391748.1:1-2373	0	2370	XP_060247731.1 Adam7 [organism=Meriones unguiculatus] [GeneID=110562217]	XM_060391748.1:1-2373 Adam7 [organism=Meriones unguiculatus] [GeneID=110562217] [region=cds]
XP_039731719.1|XM_03987_bd5f5b	Pteropus medius	XP_039731719.1	XM_039875785.1:1-2313	0	2310	XP_039731719.1 ADAM7 [organism=Pteropus medius] [GeneID=120613197]	XM_039875785.1:1-2313 ADAM7 [organism=Pteropus medius] [GeneID=120613197] [region=cds]
XP_004763390.1|XM_00476_b939d2	Mustela putorius furo	XP_004763390.1	XM_004763333.1:1-2553	0	2550	XP_004763390.1 ADAM7 [organism=Mustela putorius furo] [GeneID=101688315]	XM_004763333.1:1-2553 ADAM7 [organism=Mustela putorius furo] [GeneID=101688315] [region=cds]
XP_015354863.1|XM_01549_78c7d5	Marmota marmota marmota	XP_015354863.1	XM_015499377.1:1-2448	0	2445	XP_015354863.1 Adam7 [organism=Marmota marmota marmota] [GeneID=107153828]	XM_015499377.1:1-2448 Adam7 [organism=Marmota marmota marmota] [GeneID=107153828] [region=cds]
XP_073747345.1|XM_07389_2af4bd	Callorhinus ursinus	XP_073747345.1	XM_073891244.1:12-2327	0	2313	XP_073747345.1 ADAM7 [organism=Callorhinus ursinus] [GeneID=112825826]	XM_073891244.1:12-2327 ADAM7 [organism=Callorhinus ursinus] [GeneID=112825826] [region=cds]
XP_012582273.1|XM_01272_53e418	Condylura cristata	XP_012582273.1	XM_012726819.1:1-2304	0	2301	XP_012582273.1 ADAM7 [organism=Condylura cristata] [GeneID=101624264]	XM_012726819.1:1-2304 ADAM7 [organism=Condylura cristata] [GeneID=101624264] [region=cds]
XP_025863586.2|XM_02600_e255a0	Vulpes vulpes	XP_025863586.2	XM_026007801.2:1-2382	0	2379	XP_025863586.2 ADAM7 [organism=Vulpes vulpes] [GeneID=112926742]	XM_026007801.2:1-2382 ADAM7 [organism=Vulpes vulpes] [GeneID=112926742] [region=cds]
XP_028377181.1|XM_02852_a9e45a	Phyllostomus discolor	XP_028377181.1	XM_028521380.1:1-2448	0	2445	XP_028377181.1 ADAM7 [organism=Phyllostomus discolor] [GeneID=114503757]	XM_028521380.1:1-2448 ADAM7 [organism=Phyllostomus discolor] [GeneID=114503757] [region=cds]
XP_043410059.1|XM_04355_9328fa	Prionailurus bengalensis	XP_043410059.1	XM_043554124.1:1-2382	0	2379	XP_043410059.1 ADAM7 [organism=Prionailurus bengalensis] [GeneID=122467647]	XM_043554124.1:1-2382 ADAM7 [organism=Prionailurus bengalensis] [GeneID=122467647] [region=cds]
XP_070273129.1|XM_07041_427969	Myotis yumanensis	XP_070273129.1	XM_070417028.1:1-2604	0	2601	XP_070273129.1 ADAM7 [organism=Myotis yumanensis] [GeneID=139011517]	XM_070417028.1:1-2604 ADAM7 [organism=Myotis yumanensis] [GeneID=139011517] [region=cds]
XP_015448759.1|XM_01559_84662b	Pteropus alecto	XP_015448759.1	XM_015593273.1:1-2346	0	2343	XP_015448759.1 ADAM7 [organism=Pteropus alecto] [GeneID=102877754]	XM_015593273.1:1-2346 ADAM7 [organism=Pteropus alecto] [GeneID=102877754] [region=cds]
XP_046511689.1|XM_04665_bc4f8a	Equus quagga	XP_046511689.1	XM_046655733.1:1-2697	0	2694	XP_046511689.1 ADAM7 [organism=Equus quagga] [GeneID=124236760]	XM_046655733.1:1-2697 ADAM7 [organism=Equus quagga] [GeneID=124236760] [region=cds]
XP_047617338.1|XM_04776_c25f79	Phacochoerus africanus	XP_047617338.1	XM_047761382.1:1-2604	0	2601	XP_047617338.1 ADAM7 [organism=Phacochoerus africanus] [GeneID=125116290]	XM_047761382.1:1-2604 ADAM7 [organism=Phacochoerus africanus] [GeneID=125116290] [region=cds]
XP_047713525.1|XM_04785_2c9576	Prionailurus viverrinus	XP_047713525.1	XM_047857569.1:1-2346	0	2343	XP_047713525.1 ADAM7 [organism=Prionailurus viverrinus] [GeneID=125164739]	XM_047857569.1:1-2346 ADAM7 [organism=Prionailurus viverrinus] [GeneID=125164739] [region=cds]
XP_037668706.1|XM_03781_d498ff	Choloepus didactylus	XP_037668706.1	XM_037812778.1:1-2235	0	2232	XP_037668706.1 ADAM7 [organism=Choloepus didactylus] [GeneID=119516445]	XM_037812778.1:1-2235 ADAM7 [organism=Choloepus didactylus] [GeneID=119516445] [region=cds]
XP_042553765.1|XM_04269_200719	Dipodomys spectabilis	XP_042553765.1	XM_042697831.1:1-2592	0	2589	XP_042553765.1 Adam7 [organism=Dipodomys spectabilis] [GeneID=122123512]	XM_042697831.1:1-2592 Adam7 [organism=Dipodomys spectabilis] [GeneID=122123512] [region=cds]
XP_045630035.1|XM_04577_62141d	Ursus americanus	XP_045630035.1	XM_045774079.1:1-2544	0	2541	XP_045630035.1 ADAM7 [organism=Ursus americanus] [GeneID=123777413]	XM_045774079.1:1-2544 ADAM7 [organism=Ursus americanus] [GeneID=123777413] [region=cds]
XP_057642664.1|XM_05778_da1ee1	Chionomys nivalis	XP_057642664.1	XM_057786681.1:1-2373	0	2370	XP_057642664.1 Adam7 [organism=Chionomys nivalis] [GeneID=130885245]	XM_057786681.1:1-2373 Adam7 [organism=Chionomys nivalis] [GeneID=130885245] [region=cds]
XP_054574288.1|XM_05471_ee20af	Eptesicus fuscus	XP_054574288.1	XM_054718313.1:1-2307	0	2304	XP_054574288.1 ADAM7 [organism=Eptesicus fuscus] [GeneID=103295127]	XM_054718313.1:1-2307 ADAM7 [organism=Eptesicus fuscus] [GeneID=103295127] [region=cds]
XP_053434609.1|XM_05357_7e61ed	Nycticebus coucang	XP_053434609.1	XM_053578634.1:44-2422	0	2376	XP_053434609.1 ADAM7 [organism=Nycticebus coucang] [GeneID=128576465]	XM_053578634.1:44-2422 ADAM7 [organism=Nycticebus coucang] [GeneID=128576465] [region=cds]
XP_059956518.1|XM_06010_dc9f2d	Mesoplodon densirostris	XP_059956518.1	XM_060100535.1:1-2202	0	2199	XP_059956518.1 ADAM7 [organism=Mesoplodon densirostris] [GeneID=132491704]	XM_060100535.1:1-2202 ADAM7 [organism=Mesoplodon densirostris] [GeneID=132491704] [region=cds]
XP_061019850.1|XM_06116_525e53	Dama dama	XP_061019850.1	XM_061163867.1:210-2795	0	2583	XP_061019850.1 ADAM7 [organism=Dama dama] [GeneID=133071287]	XM_061163867.1:210-2795 ADAM7 [organism=Dama dama] [GeneID=133071287] [region=cds]
XP_054434794.1|XM_05457_28696f	Pteronotus mesoamericanus	XP_054434794.1	XM_054578819.1:1-2274	0	2271	XP_054434794.1 ADAM7 [organism=Pteronotus mesoamericanus] [GeneID=129074932]	XM_054578819.1:1-2274 ADAM7 [organism=Pteronotus mesoamericanus] [GeneID=129074932] [region=cds]
XP_011740220.2|XM_01174_921a49	Macaca nemestrina	XP_011740220.2	XM_011741918.2:84-2348	0	2262	XP_011740220.2 LOC105482047 [organism=Macaca nemestrina] [GeneID=105482047] [isoform=X2]	XM_011741918.2:84-2348 LOC105482047 [organism=Macaca nemestrina] [GeneID=105482047] [transcript=X2] [region=cds]
XP_047575762.1|XM_04771_e8d061	Lutra lutra	XP_047575762.1	XM_047719806.1:1-2238	0	2235	XP_047575762.1 ADAM7 [organism=Lutra lutra] [GeneID=125094042]	XM_047719806.1:1-2238 ADAM7 [organism=Lutra lutra] [GeneID=125094042] [region=cds]
XP_072652343.1|XM_07279_fab2c8	Canis lupus baileyi	XP_072652343.1	XM_072796242.1:149-2464	0	2313	XP_072652343.1 ADAM7 [organism=Canis lupus baileyi] [GeneID=140616007] [isoform=X1]	XM_072796242.1:149-2464 ADAM7 [organism=Canis lupus baileyi] [GeneID=140616007] [transcript=X1] [region=cds]
XP_028708302.1|XM_02885_14e7df	Macaca mulatta	XP_028708302.1	XM_028852469.1:175-2505	0	2328	XP_028708302.1 ADAM7 [organism=Macaca mulatta] [GeneID=100427614] [isoform=X1]	XM_028852469.1:175-2505 ADAM7 [organism=Macaca mulatta] [GeneID=100427614] [transcript=X1] [region=cds]
XP_053072136.1|XM_05321_23faed	Acinonyx jubatus	XP_053072136.1	XM_053216161.1:1-2250	0	2247	XP_053072136.1 ADAM7 [organism=Acinonyx jubatus] [GeneID=106966567]	XM_053216161.1:1-2250 ADAM7 [organism=Acinonyx jubatus] [GeneID=106966567] [region=cds]
XP_031216869.1|XM_03136_d7bd58	Mastomys coucha	XP_031216869.1	XM_031361009.1:1-2388	0	2385	XP_031216869.1 Adam7 [organism=Mastomys coucha] [GeneID=116084168]	XM_031361009.1:1-2388 Adam7 [organism=Mastomys coucha] [GeneID=116084168] [region=cds]
XP_045312791.1|XM_04545_03b18e	Leopardus geoffroyi	XP_045312791.1	XM_045456835.1:124-2505	0	2379	XP_045312791.1 ADAM7 [organism=Leopardus geoffroyi] [GeneID=123587266] [isoform=X1]	XM_045456835.1:124-2505 ADAM7 [organism=Leopardus geoffroyi] [GeneID=123587266] [transcript=X1] [region=cds]
XP_028614658.1|XM_02875_e38d43	Grammomys surdaster	XP_028614658.1	XM_028758825.1:47-2416	0	2367	XP_028614658.1 Adam7 [organism=Grammomys surdaster] [GeneID=114613491]	XM_028758825.1:47-2416 Adam7 [organism=Grammomys surdaster] [GeneID=114613491] [region=cds]
XP_049721452.1|XM_04986_058b2a	Elephas maximus indicus	XP_049721452.1	XM_049865495.1:1-2427	0	2424	XP_049721452.1 ADAM7 [organism=Elephas maximus indicus] [GeneID=126065472]	XM_049865495.1:1-2427 ADAM7 [organism=Elephas maximus indicus] [GeneID=126065472] [region=cds]
XP_051829465.1|XM_05197_b75609	Antechinus flavipes	XP_051829465.1	XM_051973505.1:1-2736	0	2733	XP_051829465.1 ADAM7 [organism=Antechinus flavipes] [GeneID=127546315]	XM_051973505.1:1-2736 ADAM7 [organism=Antechinus flavipes] [GeneID=127546315] [region=cds]
XP_052046700.1|XM_05219_3b8d7b	Apodemus sylvaticus	XP_052046700.1	XM_052190740.1:1-2370	0	2367	XP_052046700.1 Adam7 [organism=Apodemus sylvaticus] [GeneID=127691181]	XM_052190740.1:1-2370 Adam7 [organism=Apodemus sylvaticus] [GeneID=127691181] [region=cds]
XP_011818283.1|XM_01196_504bc5	Colobus angolensis palliatus	XP_011818283.1	XM_011962893.1:180-2582	0	2400	XP_011818283.1 ADAM7 [organism=Colobus angolensis palliatus] [GeneID=105526779]	XM_011962893.1:180-2582 ADAM7 [organism=Colobus angolensis palliatus] [GeneID=105526779] [region=cds]
XP_020856720.1|XM_02100_2ccf50	Phascolarctos cinereus	XP_020856720.1	XM_021001061.1:25-2277	0	2250	XP_020856720.1 ADAM7 [organism=Phascolarctos cinereus] [GeneID=110218386]	XM_021001061.1:25-2277 ADAM7 [organism=Phascolarctos cinereus] [GeneID=110218386] [region=cds]
XP_040821684.1|XM_04096_f9f3a9	Ochotona curzoniae	XP_040821684.1	XM_040965750.1:1-2388	0	2385	XP_040821684.1 ADAM7 [organism=Ochotona curzoniae] [GeneID=121146373]	XM_040965750.1:1-2388 ADAM7 [organism=Ochotona curzoniae] [GeneID=121146373] [region=cds]
XP_045709594.1|XM_04585_31c1e7	Phyllostomus hastatus	XP_045709594.1	XM_045853638.1:1-2448	0	2445	XP_045709594.1 ADAM7 [organism=Phyllostomus hastatus] [GeneID=123828591]	XM_045853638.1:1-2448 ADAM7 [organism=Phyllostomus hastatus] [GeneID=123828591] [region=cds]
XP_032711793.1|XM_03285_811344	Lontra canadensis	XP_032711793.1	XM_032855902.1:1-2616	0	2613	XP_032711793.1 ADAM7 [organism=Lontra canadensis] [GeneID=116866718]	XM_032855902.1:1-2616 ADAM7 [organism=Lontra canadensis] [GeneID=116866718] [region=cds]
XP_025250102.1|XM_02539_912d33	Theropithecus gelada	XP_025250102.1	XM_025394317.1:180-2621	0	2439	XP_025250102.1 ADAM7 [organism=Theropithecus gelada] [GeneID=112630136]	XM_025394317.1:180-2621 ADAM7 [organism=Theropithecus gelada] [GeneID=112630136] [region=cds]
XP_035582253.1|XM_03572_775922	Zalophus californianus	XP_035582253.1	XM_035726360.1:12-2384	0	2370	XP_035582253.1 ADAM7 [organism=Zalophus californianus] [GeneID=113924819]	XM_035726360.1:12-2384 ADAM7 [organism=Zalophus californianus] [GeneID=113924819] [region=cds]
XP_035933563.1|XM_03607_d6b00c	Halichoerus grypus	XP_035933563.1	XM_036077670.1:2-2293	0	2289	XP_035933563.1 ADAM7 [organism=Halichoerus grypus] [GeneID=118526417]	XM_036077670.1:2-2293 ADAM7 [organism=Halichoerus grypus] [GeneID=118526417] [region=cds]
XP_036055503.1|XM_03619_3af812	Onychomys torridus	XP_036055503.1	XM_036199610.1:1-2373	0	2370	XP_036055503.1 Adam7 [organism=Onychomys torridus] [GeneID=118591379]	XM_036199610.1:1-2373 Adam7 [organism=Onychomys torridus] [GeneID=118591379] [region=cds]
XP_005329386.1|XM_00532_e5cae7	Ictidomys tridecemlineatus	XP_005329386.1	XM_005329329.3:110-2497	0	2385	XP_005329386.1 Adam7 [organism=Ictidomys tridecemlineatus] [GeneID=101955983] [isoform=X1]	XM_005329329.3:110-2497 Adam7 [organism=Ictidomys tridecemlineatus] [GeneID=101955983] [transcript=X1] [region=cds]
XP_010362417.1|XM_01036_11d695	Rhinopithecus roxellana	XP_010362417.1	XM_010364115.2:180-2444	0	2262	XP_010362417.1 ADAM7 [organism=Rhinopithecus roxellana] [GeneID=104662995]	XM_010364115.2:180-2444 ADAM7 [organism=Rhinopithecus roxellana] [GeneID=104662995] [region=cds]
XP_064224841.1|XM_06436_90228d	Aotus nancymaae	XP_064224841.1	XM_064368771.1:1-1743	0	1740	XP_064224841.1 ADAM7 [organism=Aotus nancymaae] [GeneID=105705299]	XM_064368771.1:1-1743 ADAM7 [organism=Aotus nancymaae] [GeneID=105705299] [region=cds]
XP_073909428.1|XM_07405_52fd19	Castor canadensis	XP_073909428.1	XM_074053327.1:1-2655	0	2652	XP_073909428.1 Adam7 [organism=Castor canadensis] [GeneID=109677697]	XM_074053327.1:1-2655 Adam7 [organism=Castor canadensis] [GeneID=109677697] [region=cds]
XP_039074102.1|XM_03921_09fa48	Hyaena hyaena	XP_039074102.1	XM_039218171.1:1-2382	0	2379	XP_039074102.1 ADAM7 [organism=Hyaena hyaena] [GeneID=120220949]	XM_039218171.1:1-2382 ADAM7 [organism=Hyaena hyaena] [GeneID=120220949] [region=cds]
XP_051016720.1|XM_05116_7798c2	Acomys russatus	XP_051016720.1	XM_051160763.1:1-2358	0	2355	XP_051016720.1 Adam7 [organism=Acomys russatus] [GeneID=127202131]	XM_051160763.1:1-2358 Adam7 [organism=Acomys russatus] [GeneID=127202131] [region=cds]
XP_044515190.1|XM_04465_16ea8e	Gracilinanus agilis	XP_044515190.1	XM_044659255.1:25-2445	0	2418	XP_044515190.1 ADAM7 [organism=Gracilinanus agilis] [GeneID=123233080]	XM_044659255.1:25-2445 ADAM7 [organism=Gracilinanus agilis] [GeneID=123233080] [region=cds]
XP_062943778.1|XM_06308_e17c02	Cynocephalus volans	XP_062943778.1	XM_063087708.1:1-2859	0	2856	XP_062943778.1 ADAM7 [organism=Cynocephalus volans] [GeneID=134370691]	XM_063087708.1:1-2859 ADAM7 [organism=Cynocephalus volans] [GeneID=134370691] [region=cds]
XP_012663160.1|XM_01280_30e58c	Otolemur garnettii	XP_012663160.1	XM_012807706.2:1-2319	0	2316	XP_012663160.1 ADAM7 [organism=Otolemur garnettii] [GeneID=100958921]	XM_012807706.2:1-2319 ADAM7 [organism=Otolemur garnettii] [GeneID=100958921] [region=cds]
XP_063565064.1|XM_06370_a5a1fe	Gorilla gorilla gorilla	XP_063565064.1	XM_063708994.1:84-2348	0	2262	XP_063565064.1 ADAM7 [organism=Gorilla gorilla gorilla] [GeneID=101124009]	XM_063708994.1:84-2348 ADAM7 [organism=Gorilla gorilla gorilla] [GeneID=101124009] [region=cds]
XP_005885988.1|XM_00588_f085a7	Myotis brandtii	XP_005885988.1	XM_005885926.1:1-2460	0	2457	XP_005885988.1 ADAM7 [organism=Myotis brandtii] [GeneID=102245813]	XM_005885926.1:1-2460 ADAM7 [organism=Myotis brandtii] [GeneID=102245813] [region=cds]
XP_032187950.1|XM_03233_1d9921	Mustela erminea	XP_032187950.1	XM_032332059.1:1-2490	0	2487	XP_032187950.1 ADAM7 [organism=Mustela erminea] [GeneID=116584111]	XM_032332059.1:1-2490 ADAM7 [organism=Mustela erminea] [GeneID=116584111] [region=cds]
XP_008585227.1|XM_00858_0fc9c9	Galeopterus variegatus	XP_008585227.1	XM_008587005.1:1-2205	0	2202	XP_008585227.1 ADAM7 [organism=Galeopterus variegatus] [GeneID=103602594]	XM_008587005.1:1-2205 ADAM7 [organism=Galeopterus variegatus] [GeneID=103602594] [region=cds]
XP_026374869.3|XM_02651_1c776d	Ursus arctos	XP_026374869.3	XM_026519084.3:1-2685	0	2682	XP_026374869.3 ADAM7 [organism=Ursus arctos] [GeneID=113270047]	XM_026519084.3:1-2685 ADAM7 [organism=Ursus arctos] [GeneID=113270047] [region=cds]
XP_053524028.1|XM_05366_d918f9	Artibeus jamaicensis	XP_053524028.1	XM_053668053.1:1-2700	0	2697	XP_053524028.1 ADAM7 [organism=Artibeus jamaicensis] [GeneID=119059605]	XM_053668053.1:1-2700 ADAM7 [organism=Artibeus jamaicensis] [GeneID=119059605] [region=cds]
XP_032991322.1|XM_03313_80e0e9	Rhinolophus ferrumequinum	XP_032991322.1	XM_033135431.1:1-2316	0	2313	XP_032991322.1 ADAM7 [organism=Rhinolophus ferrumequinum] [GeneID=117038456]	XM_033135431.1:1-2316 ADAM7 [organism=Rhinolophus ferrumequinum] [GeneID=117038456] [region=cds]
XP_034879120.1|XM_03502_07b89d	Mirounga leonina	XP_034879120.1	XM_035023229.1:1-2373	0	2370	XP_034879120.1 ADAM7 [organism=Mirounga leonina] [GeneID=118022488]	XM_035023229.1:1-2373 ADAM7 [organism=Mirounga leonina] [GeneID=118022488] [region=cds]
XP_036606026.1|XM_03675_48ca3b	Trichosurus vulpecula	XP_036606026.1	XM_036750131.1:25-2448	0	2421	XP_036606026.1 ADAM7 [organism=Trichosurus vulpecula] [GeneID=118842816]	XM_036750131.1:25-2448 ADAM7 [organism=Trichosurus vulpecula] [GeneID=118842816] [region=cds]
XP_055974798.1|XM_05611_236f66	Sorex fumeus	XP_055974798.1	XM_056118823.1:1-2427	0	2424	XP_055974798.1 ADAM7 [organism=Sorex fumeus] [GeneID=130028094]	XM_056118823.1:1-2427 ADAM7 [organism=Sorex fumeus] [GeneID=130028094] [region=cds]
XP_075853364.1|XM_07599_9306e0	Microcebus murinus	XP_075853364.1	XM_075997249.1:1-2502	0	2499	XP_075853364.1 ADAM7 [organism=Microcebus murinus] [GeneID=105876609]	XM_075997249.1:1-2502 ADAM7 [organism=Microcebus murinus] [GeneID=105876609] [region=cds]
XP_028739003.1|XM_02888_1b44a2	Peromyscus leucopus	XP_028739003.1	XM_028883170.2:155-2527	0	2370	XP_028739003.1 Adam7 [organism=Peromyscus leucopus] [GeneID=114702673] [isoform=X1]	XM_028883170.2:155-2527 Adam7 [organism=Peromyscus leucopus] [GeneID=114702673] [transcript=X1] [region=cds]
XP_068923508.1|XM_06906_30acbb	Petaurus breviceps papuanus	XP_068923508.1	XM_069067407.1:1-1458	0	1455	XP_068923508.1 ADAM7 [organism=Petaurus breviceps papuanus] [GeneID=138145820]	XM_069067407.1:1-1458 ADAM7 [organism=Petaurus breviceps papuanus] [GeneID=138145820] [region=cds]
XP_021038037.1|XM_02118_64edc7	Mus caroli	XP_021038037.1	XM_021182378.1:9-2378	0	2367	XP_021038037.1 Adam7 [organism=Mus caroli] [GeneID=110309647] [isoform=X1]	XM_021182378.1:9-2378 Adam7 [organism=Mus caroli] [GeneID=110309647] [transcript=X1] [region=cds]
XP_031805054.1|XM_03194_aaf218	Sarcophilus harrisii	XP_031805054.1	XM_031949194.1:1-2301	0	2298	XP_031805054.1 ADAM7 [organism=Sarcophilus harrisii] [GeneID=100934398]	XM_031949194.1:1-2301 ADAM7 [organism=Sarcophilus harrisii] [GeneID=100934398] [region=cds]
XP_023570457.1|XM_02371_abc778	Octodon degus	XP_023570457.1	XM_023714689.1:354-2792	0	2436	XP_023570457.1 Adam7 [organism=Octodon degus] [GeneID=101581509] [isoform=X1]	XM_023714689.1:354-2792 Adam7 [organism=Octodon degus] [GeneID=101581509] [transcript=X1] [region=cds]
XP_045142774.1|XM_04528_8dc778	Echinops telfairi	XP_045142774.1	XM_045286839.1:1-2118	0	2115	XP_045142774.1 ADAM7 [organism=Echinops telfairi] [GeneID=101645007]	XM_045286839.1:1-2118 ADAM7 [organism=Echinops telfairi] [GeneID=101645007] [region=cds]
XP_032244912.1|XM_03238_230308	Phoca vitulina	XP_032244912.1	XM_032389021.1:1-2595	0	2592	XP_032244912.1 ADAM7 [organism=Phoca vitulina] [GeneID=116622556]	XM_032389021.1:1-2595 ADAM7 [organism=Phoca vitulina] [GeneID=116622556] [region=cds]
XP_036306474.1|XM_03645_23647a	Pipistrellus kuhlii	XP_036306474.1	XM_036450581.1:1-2403	0	2400	XP_036306474.1 ADAM7 [organism=Pipistrellus kuhlii] [GeneID=118726133]	XM_036450581.1:1-2403 ADAM7 [organism=Pipistrellus kuhlii] [GeneID=118726133] [region=cds]
XP_041532532.1|XM_04167_e3a94a	Microtus oregoni	XP_041532532.1	XM_041676598.1:85-2457	0	2370	XP_041532532.1 Adam7 [organism=Microtus oregoni] [GeneID=121464005]	XM_041676598.1:85-2457 Adam7 [organism=Microtus oregoni] [GeneID=121464005] [region=cds]
XP_055201783.1|XM_05534_cea0fc	Nyctereutes procyonoides	XP_055201783.1	XM_055345808.1:1-2571	0	2568	XP_055201783.1 ADAM7 [organism=Nyctereutes procyonoides] [GeneID=129523194]	XM_055345808.1:1-2571 ADAM7 [organism=Nyctereutes procyonoides] [GeneID=129523194] [region=cds]
XP_040117952.1|XM_04026_f59209	Oryx dammah	XP_040117952.1	XM_040262018.1:1-2376	0	2373	XP_040117952.1 ADAM7 [organism=Oryx dammah] [GeneID=120878781]	XM_040262018.1:1-2376 ADAM7 [organism=Oryx dammah] [GeneID=120878781] [region=cds]
XP_057576625.1|XM_05772_798bd8	Hippopotamus amphibius kiboko	XP_057576625.1	XM_057720642.1:1-2439	0	2436	XP_057576625.1 ADAM7 [organism=Hippopotamus amphibius kiboko] [GeneID=130844352]	XM_057720642.1:1-2439 ADAM7 [organism=Hippopotamus amphibius kiboko] [GeneID=130844352] [region=cds]
XP_014645326.1|XM_01478_065601	Ceratotherium simum simum	XP_014645326.1	XM_014789840.1:28-2265	0	2235	XP_014645326.1 LOC101394660 [organism=Ceratotherium simum simum] [GeneID=101394660]	XM_014789840.1:28-2265 LOC101394660 [organism=Ceratotherium simum simum] [GeneID=101394660] [region=cds]
XP_003272929.2|XM_00327_36b328	Nomascus leucogenys	XP_003272929.2	XM_003272881.3:108-2366	0	2256	XP_003272929.2 ADAM7 [organism=Nomascus leucogenys] [GeneID=100606934]	XM_003272881.3:108-2366 ADAM7 [organism=Nomascus leucogenys] [GeneID=100606934] [region=cds]
XP_041623352.1|XM_04176_541dca	Vulpes lagopus	XP_041623352.1	XM_041767418.1:1-2943	0	2940	XP_041623352.1 ADAM7 [organism=Vulpes lagopus] [GeneID=121497658]	XM_041767418.1:1-2943 ADAM7 [organism=Vulpes lagopus] [GeneID=121497658] [region=cds]
XP_045853388.1|XM_04599_cb1e7b	Meles meles	XP_045853388.1	XM_045997432.1:1-2577	0	2574	XP_045853388.1 ADAM7 [organism=Meles meles] [GeneID=123936935]	XM_045997432.1:1-2577 ADAM7 [organism=Meles meles] [GeneID=123936935] [region=cds]
XP_049486040.1|XM_04963_72d67e	Panthera uncia	XP_049486040.1	XM_049630083.1:1-2469	0	2466	XP_049486040.1 ADAM7 [organism=Panthera uncia] [GeneID=125922492]	XM_049630083.1:1-2469 ADAM7 [organism=Panthera uncia] [GeneID=125922492] [region=cds]
XP_077007818.1|XM_07715_581481	Tamandua tetradactyla	XP_077007818.1	XM_077151703.1:1-2301	0	2298	XP_077007818.1 ADAM7 [organism=Tamandua tetradactyla] [GeneID=143675516]	XM_077151703.1:1-2301 ADAM7 [organism=Tamandua tetradactyla] [GeneID=143675516] [region=cds]
XP_022367816.1|XM_02251_07c0fe	Enhydra lutris kenyoni	XP_022367816.1	XM_022512108.1:1-2388	0	2385	XP_022367816.1 LOC111153218 [organism=Enhydra lutris kenyoni] [GeneID=111153218]	XM_022512108.1:1-2388 LOC111153218 [organism=Enhydra lutris kenyoni] [GeneID=111153218] [region=cds]
NP_031428.2|NM_007402.2_f3e2e9	Mus musculus	NP_031428.2	NM_007402.2:15-2384	0	2367	NP_031428.2 Adam7 [organism=Mus musculus] [GeneID=11500]	NM_007402.2:15-2384 Adam7 [organism=Mus musculus] [GeneID=11500] [region=cds]
XP_016285721.2|XM_01643_e791f0	Monodelphis domestica	XP_016285721.2	XM_016430235.2:1-2163	0	2160	XP_016285721.2 ADAM7 [organism=Monodelphis domestica] [GeneID=100020219]	XM_016430235.2:1-2163 ADAM7 [organism=Monodelphis domestica] [GeneID=100020219] [region=cds]
XP_006884976.1|XM_00688_bf25d1	Elephantulus edwardii	XP_006884976.1	XM_006884914.1:1-2976	0	2973	XP_006884976.1 ADAM7 [organism=Elephantulus edwardii] [GeneID=102843905]	XM_006884914.1:1-2976 ADAM7 [organism=Elephantulus edwardii] [GeneID=102843905] [region=cds]
XP_059551421.1|XM_05969_9b33c8	Myotis daubentonii	XP_059551421.1	XM_059695438.1:1-2559	0	2556	XP_059551421.1 ADAM7 [organism=Myotis daubentonii] [GeneID=132234476]	XM_059695438.1:1-2559 ADAM7 [organism=Myotis daubentonii] [GeneID=132234476] [region=cds]
XP_044081914.1|XM_04422_818e9d	Neogale vison	XP_044081914.1	XM_044225979.1:1-2397	0	2394	XP_044081914.1 ADAM7 [organism=Neogale vison] [GeneID=122890341]	XM_044225979.1:1-2397 ADAM7 [organism=Neogale vison] [GeneID=122890341] [region=cds]
XP_034517140.1|XM_03466_913086	Ailuropoda melanoleuca	XP_034517140.1	XM_034661249.1:1661-3931	0	2268	XP_034517140.1 ADAM7 [organism=Ailuropoda melanoleuca] [GeneID=100481028]	XM_034661249.1:1661-3931 ADAM7 [organism=Ailuropoda melanoleuca] [GeneID=100481028] [region=cds]
XP_074240411.1|XM_07438_109ae6	Saimiri boliviensis	XP_074240411.1	XM_074384310.1:1-2481	0	2478	XP_074240411.1 ADAM7 [organism=Saimiri boliviensis] [GeneID=101052400]	XM_074384310.1:1-2481 ADAM7 [organism=Saimiri boliviensis] [GeneID=101052400] [region=cds]
XP_017405255.1|XM_01754_b37f9d	Cebus imitator	XP_017405255.1	XM_017549766.2:113-2377	0	2262	XP_017405255.1 ADAM7 [organism=Cebus imitator] [GeneID=108318586]	XM_017549766.2:113-2377 ADAM7 [organism=Cebus imitator] [GeneID=108318586] [region=cds]
XP_029799249.1|XM_02994_8c1796	Suricata suricatta	XP_029799249.1	XM_029943389.1:19-2334	0	2313	XP_029799249.1 ADAM7 [organism=Suricata suricatta] [GeneID=115295471] [isoform=X1]	XM_029943389.1:19-2334 ADAM7 [organism=Suricata suricatta] [GeneID=115295471] [transcript=X1] [region=cds]
NP_003808.2|NM_003817.4_c187ab	Homo sapiens	NP_003808.2	NM_003817.4:84-2348	0	2262	NP_003808.2 ADAM7 [organism=Homo sapiens] [GeneID=8756]	NM_003817.4:84-2348 ADAM7 [organism=Homo sapiens] [GeneID=8756] [region=cds]
XP_006864504.1|XM_00686_2addfa	Chrysochloris asiatica	XP_006864504.1	XM_006864442.1:1-2538	0	2535	XP_006864504.1 ADAM7 [organism=Chrysochloris asiatica] [GeneID=102818774]	XM_006864442.1:1-2538 ADAM7 [organism=Chrysochloris asiatica] [GeneID=102818774] [region=cds]
XP_042789780.1|XM_04293_c7f440	Panthera leo	XP_042789780.1	XM_042933846.1:1-2316	0	2313	XP_042789780.1 ADAM7 [organism=Panthera leo] [GeneID=122216875]	XM_042933846.1:1-2316 ADAM7 [organism=Panthera leo] [GeneID=122216875] [region=cds]
XP_025788823.1|XM_02593_240700	Puma concolor	XP_025788823.1	XM_025933038.1:1-2382	0	2379	XP_025788823.1 ADAM7 [organism=Puma concolor] [GeneID=112869975]	XM_025933038.1:1-2382 ADAM7 [organism=Puma concolor] [GeneID=112869975] [region=cds]
XP_023406773.1|XM_02355_76c51d	Loxodonta africana	XP_023406773.1	XM_023551005.2:1-2229	0	2226	XP_023406773.1 ADAM7 [organism=Loxodonta africana] [GeneID=100661157]	XM_023551005.2:1-2229 ADAM7 [organism=Loxodonta africana] [GeneID=100661157] [region=cds]
XP_070463078.1|XM_07060_5562e3	Equus przewalskii	XP_070463078.1	XM_070606977.1:174-2615	0	2439	XP_070463078.1 ADAM7 [organism=Equus przewalskii] [GeneID=103562819] [isoform=X1]	XM_070606977.1:174-2615 ADAM7 [organism=Equus przewalskii] [GeneID=103562819] [transcript=X1] [region=cds]
XP_021059706.1|XM_02120_05b3bf	Mus pahari	XP_021059706.1	XM_021204047.1:1-2370	0	2367	XP_021059706.1 Adam7 [organism=Mus pahari] [GeneID=110325887]	XM_021204047.1:1-2370 Adam7 [organism=Mus pahari] [GeneID=110325887] [region=cds]
XP_012889853.1|XM_01303_fea955	Dipodomys ordii	XP_012889853.1	XM_013034399.1:1-2610	0	2607	XP_012889853.1 Adam7 [organism=Dipodomys ordii] [GeneID=105999396]	XM_013034399.1:1-2610 Adam7 [organism=Dipodomys ordii] [GeneID=105999396] [region=cds]
XP_070651038.1|XM_07079_7985eb	Bos indicus	XP_070651038.1	XM_070794937.1:198-2675	0	2475	XP_070651038.1 ADAM7 [organism=Bos indicus] [GeneID=109562553] [isoform=X1]	XM_070794937.1:198-2675 ADAM7 [organism=Bos indicus] [GeneID=109562553] [transcript=X1] [region=cds]
XP_059263892.1|XM_05940_2ae180	Mustela nigripes	XP_059263892.1	XM_059407909.1:1-2559	0	2556	XP_059263892.1 ADAM7 [organism=Mustela nigripes] [GeneID=132022639]	XM_059407909.1:1-2559 ADAM7 [organism=Mustela nigripes] [GeneID=132022639] [region=cds]
XP_003496234.1|XM_00349_46bd22	Cricetulus griseus	XP_003496234.1	XM_003496186.1:1-2373	0	2370	XP_003496234.1 Adam7 [organism=Cricetulus griseus] [GeneID=100773564]	XM_003496186.1:1-2373 Adam7 [organism=Cricetulus griseus] [GeneID=100773564] [region=cds]
XP_008848993.1|XM_00885_accbf8	Nannospalax galili	XP_008848993.1	XM_008850771.1:1-2367	0	2364	XP_008848993.1 Adam7 [organism=Nannospalax galili] [GeneID=103748192]	XM_008850771.1:1-2367 Adam7 [organism=Nannospalax galili] [GeneID=103748192] [region=cds]
XP_011901293.1|XM_01204_09a69c	Cercocebus atys	XP_011901293.1	XM_012045903.1:180-2498	0	2316	XP_011901293.1 ADAM7 [organism=Cercocebus atys] [GeneID=105579272]	XM_012045903.1:180-2498 ADAM7 [organism=Cercocebus atys] [GeneID=105579272] [region=cds]
XP_039768137.1|XM_03991_7badd0	Ornithorhynchus anatinus	XP_039768137.1	XM_039912203.1:1-2220	0	2217	XP_039768137.1 ADAM7 [organism=Ornithorhynchus anatinus] [GeneID=100076237]	XM_039912203.1:1-2220 ADAM7 [organism=Ornithorhynchus anatinus] [GeneID=100076237] [region=cds]
XP_010994846.3|XM_01099_eb1f16	Camelus dromedarius	XP_010994846.3	XM_010996544.3:1-2343	0	2340	XP_010994846.3 ADAM7 [organism=Camelus dromedarius] [GeneID=105103032]	XM_010996544.3:1-2343 ADAM7 [organism=Camelus dromedarius] [GeneID=105103032] [region=cds]
XP_047404783.1|XM_04754_0188d6	Sciurus carolinensis	XP_047404783.1	XM_047548827.1:149-2581	0	2430	XP_047404783.1 Adam7 [organism=Sciurus carolinensis] [GeneID=124982349] [isoform=X1]	XM_047548827.1:149-2581 Adam7 [organism=Sciurus carolinensis] [GeneID=124982349] [transcript=X1] [region=cds]
XP_010946912.2|XM_01094_770ab4	Camelus bactrianus	XP_010946912.2	XM_010948610.2:1-2343	0	2340	XP_010946912.2 ADAM7 [organism=Camelus bactrianus] [GeneID=105063914]	XM_010948610.2:1-2343 ADAM7 [organism=Camelus bactrianus] [GeneID=105063914] [region=cds]
XP_035574521.2|XM_03571_0a90db	Canis lupus dingo	XP_035574521.2	XM_035718628.2:29-2605	0	2574	XP_035574521.2 ADAM7 [organism=Canis lupus dingo] [GeneID=112669731] [isoform=X1]	XM_035718628.2:29-2605 ADAM7 [organism=Canis lupus dingo] [GeneID=112669731] [transcript=X1] [region=cds]
XP_076708401.1|XM_07685_dbf01a	Callospermophilus lateralis	XP_076708401.1	XM_076852286.1:1-2331	0	2328	XP_076708401.1 Adam7 [organism=Callospermophilus lateralis] [GeneID=143396429]	XM_076852286.1:1-2331 Adam7 [organism=Callospermophilus lateralis] [GeneID=143396429] [region=cds]
